__time,/distances/data[0],/distances/layout/data_offset
1714684457.037152,0.707106781,0.000000000
1714684457.136679,0.707106781,0.000000000
1714684457.236660,0.707106781,0.000000000
1714684457.336901,0.707106781,0.000000000
1714684457.437268,0.707106781,0.000000000
1714684457.536659,0.707106781,0.000000000
1714684457.637051,0.707106781,0.000000000
1714684457.736748,0.707106781,0.000000000
1714684457.836672,0.707106781,0.000000000
1714684457.936624,0.707106781,0.000000000
1714684458.036838,0.707106781,0.000000000
1714684458.136756,0.707106781,0.000000000
1714684458.237728,0.707106781,0.000000000
1714684458.337212,0.707106781,0.000000000
1714684458.436702,0.707106782,0.000000000
1714684458.536714,0.707106784,0.000000000
1714684458.636728,0.707106787,0.000000000
1714684458.736987,0.707106793,0.000000000
1714684458.837138,0.707106793,0.000000000
1714684458.936806,0.707106813,0.000000000
1714684459.036695,0.707106827,0.000000000
1714684459.136654,0.707106844,0.000000000
1714684459.236638,0.707106909,0.000000000
1714684459.336592,0.707106883,0.000000000
1714684459.436647,0.707106905,0.000000000
1714684459.536615,0.707106928,0.000000000
1714684459.636633,0.707106953,0.000000000
1714684459.736654,0.707107089,0.000000000
1714684459.836672,0.707107005,0.000000000
1714684459.936624,0.707107030,0.000000000
1714684460.037056,0.707107056,0.000000000
1714684460.136685,0.707107080,0.000000000
1714684460.237147,0.707107107,0.000000000
1714684460.336686,0.707107134,0.000000000
1714684460.436608,0.707107162,0.000000000
1714684460.536834,0.707107188,0.000000000
1714684460.636751,0.707107216,0.000000000
1714684460.736723,0.707107244,0.000000000
1714684460.837221,0.707107547,0.000000000
1714684460.936759,0.707107589,0.000000000
1714684461.036694,0.707107325,0.000000000
1714684461.137207,0.707107672,0.000000000
1714684461.236691,0.707107377,0.000000000
1714684461.336657,0.707107403,0.000000000
1714684461.436733,0.707107426,0.000000000
1714684461.536715,0.707107449,0.000000000
1714684461.636687,0.707107468,0.000000000
1714684461.736956,0.707107178,0.000000000
1714684461.836722,0.707107914,0.000000000
1714684461.937466,0.707107199,0.000000000
1714684462.036822,0.707107541,0.000000000
1714684462.136678,0.707107556,0.000000000
1714684462.236736,0.707108015,0.000000000
1714684462.336677,0.707107583,0.000000000
1714684462.436684,0.707107238,0.000000000
1714684462.537111,0.707107604,0.000000000
1714684462.636664,0.707107248,0.000000000
1714684462.736991,0.707107618,0.000000000
1714684462.837015,0.707107624,0.000000000
1714684462.936682,0.707107257,0.000000000
1714684463.036686,0.707107259,0.000000000
1714684463.137017,0.707107259,0.000000000
1714684463.236975,0.707107631,0.000000000
1714684463.336682,0.707107629,0.000000000
1714684463.437084,0.707107626,0.000000000
1714684463.536735,0.707107253,0.000000000
1714684463.636640,0.707107615,0.000000000
1714684463.736982,0.707107607,0.000000000
1714684463.836711,0.707107241,0.000000000
1714684463.936894,0.707107588,0.000000000
1714684464.036831,0.707107230,0.000000000
1714684464.136714,0.707107223,0.000000000
1714684464.236648,0.707107553,0.000000000
1714684464.336691,0.707107538,0.000000000
1714684464.436980,0.707107523,0.000000000
1714684464.536726,0.707107189,0.000000000
1714684464.636882,0.707107491,0.000000000
1714684464.736689,0.707107472,0.000000000
1714684464.836843,0.707107453,0.000000000
1714684464.936688,0.707107149,0.000000000
1714684465.036756,0.707107416,0.000000000
1714684465.136676,0.707107395,0.000000000
1714684465.236614,0.707107115,0.000000000
1714684465.336645,0.707107104,0.000000000
1714684465.436849,0.707107091,0.000000000
1714684465.536709,0.707107080,0.000000000
1714684465.637351,0.707107292,0.000000000
1714684465.737142,0.707107271,0.000000000
1714684465.836703,0.707107248,0.000000000
1714684465.936624,0.707107227,0.000000000
1714684466.036959,0.707107020,0.000000000
1714684466.137086,0.707107185,0.000000000
1714684466.236629,0.707107162,0.000000000
1714684466.336644,0.707107140,0.000000000
1714684466.437013,0.707107118,0.000000000
1714684466.536690,0.707107099,0.000000000
1714684466.637032,0.707106949,0.000000000
1714684466.736766,0.707106938,0.000000000
1714684466.836737,0.707107041,0.000000000
1714684466.937341,0.707107025,0.000000000
1714684467.036660,0.707107009,0.000000000
1714684467.136867,0.707106993,0.000000000
1714684467.236663,0.707106891,0.000000000
1714684467.336655,0.707106960,0.000000000
1714684467.436923,0.707106945,0.000000000
1714684467.536679,0.707106932,0.000000000
1714684467.636764,0.707106919,0.000000000
1714684467.736772,0.707106852,0.000000000
1714684467.836787,0.707106895,0.000000000
1714684467.937100,0.707106883,0.000000000
1714684468.037325,0.707106873,0.000000000
1714684468.136745,0.707106864,0.000000000
1714684468.237059,0.707106855,0.000000000
1714684468.336770,0.707106818,0.000000000
1714684468.437450,0.707106840,0.000000000
1714684468.537050,0.707106833,0.000000000
1714684468.637711,0.707106827,0.000000000
1714684468.736711,0.707106821,0.000000000
1714684470.068918,0.707106790,0.000000000
1714684470.136698,0.707106783,0.000000000
1714684470.236686,0.707106782,0.000000000
1714684470.336671,0.707106783,0.000000000
1714684470.436647,0.707106782,0.000000000
1714684470.536668,0.707106782,0.000000000
1714684470.636670,0.707106782,0.000000000
1714684470.736621,0.707106782,0.000000000
1714684470.836704,0.707106781,0.000000000
1714684470.937085,0.707106781,0.000000000
1714684471.036959,0.707106781,0.000000000
1714684471.136668,0.707106781,0.000000000
1714684471.236665,0.707106781,0.000000000
1714684471.336868,0.707106781,0.000000000
1714684471.436663,0.707115881,0.000000000
1714684471.537329,0.707233945,0.000000000
1714684471.636734,0.707591863,0.000000000
1714684471.736605,0.708295554,0.000000000
1714684471.836775,0.709416082,0.000000000
1714684471.936663,0.711120910,0.000000000
1714684472.036716,0.713567114,0.000000000
1714684472.136680,0.716493748,0.000000000
1714684472.236861,0.719895151,0.000000000
1714684472.336747,0.724376561,0.000000000
1714684472.436632,0.729126230,0.000000000
1714684472.536685,0.734145032,0.000000000
1714684472.636652,0.740703633,0.000000000
1714684472.736671,0.747370144,0.000000000
1714684472.836927,0.754558631,0.000000000
1714684472.936744,0.762373099,0.000000000
1714684473.036694,0.770845874,0.000000000
1714684473.136623,0.779172840,0.000000000
1714684473.236833,0.787937317,0.000000000
1714684473.337213,0.796362789,0.000000000
1714684473.436874,0.804937651,0.000000000
1714684473.536685,0.814456878,0.000000000
1714684473.636738,0.824443751,0.000000000
1714684473.736744,0.833833154,0.000000000
1714684473.836670,0.843342449,0.000000000
1714684473.936600,0.853114309,0.000000000
1714684474.036766,0.862454167,0.000000000
1714684474.137634,0.871111890,0.000000000
1714684474.236717,0.879632389,0.000000000
1714684474.336714,0.888336289,0.000000000
1714684474.436639,0.896693322,0.000000000
1714684474.537215,0.904111578,0.000000000
1714684474.636734,0.910996593,0.000000000
1714684474.736645,0.917718138,0.000000000
1714684474.836639,0.924571750,0.000000000
1714684474.937256,0.931502816,0.000000000
1714684475.036838,0.937193057,0.000000000
1714684475.136647,0.942607889,0.000000000
1714684475.236941,0.947893008,0.000000000
1714684475.336745,0.952724644,0.000000000
1714684475.436822,0.957275474,0.000000000
1714684475.537298,0.961692479,0.000000000
1714684475.636770,0.965628910,0.000000000
1714684475.736627,0.969189276,0.000000000
1714684475.836772,0.972843850,0.000000000
1714684475.936998,0.976227842,0.000000000
1714684476.036859,0.979324691,0.000000000
1714684476.136698,0.982272322,0.000000000
1714684476.236655,0.985015031,0.000000000
1714684476.336656,0.987439142,0.000000000
1714684476.436667,0.989797068,0.000000000
1714684476.537028,0.991916201,0.000000000
1714684476.636723,0.993771387,0.000000000
1714684476.736629,0.995617388,0.000000000
1714684476.836732,0.997367676,0.000000000
1714684476.936743,0.998973610,0.000000000
1714684477.036673,1.000478554,0.000000000
1714684477.136709,1.001889907,0.000000000
1714684477.236691,1.003106050,0.000000000
1714684477.336651,1.004275056,0.000000000
1714684477.436682,1.005366125,0.000000000
1714684477.536666,1.006362469,0.000000000
1714684477.636781,1.007295664,0.000000000
1714684477.736800,1.008294079,0.000000000
1714684477.836806,1.009263207,0.000000000
1714684477.936694,1.010220386,0.000000000
1714684478.036657,1.011114154,0.000000000
1714684478.136703,1.012055547,0.000000000
1714684478.236675,1.012864522,0.000000000
1714684478.336679,1.013582793,0.000000000
1714684478.436732,1.014423745,0.000000000
1714684478.536743,1.015054430,0.000000000
1714684478.636657,1.015744898,0.000000000
1714684478.736934,1.016346084,0.000000000
1714684478.836620,1.016962552,0.000000000
1714684478.936874,1.017632307,0.000000000
1714684479.037717,1.018192789,0.000000000
1714684479.136872,1.018678415,0.000000000
1714684479.237053,1.019193635,0.000000000
1714684479.337479,1.019644894,0.000000000
1714684479.436917,1.020076816,0.000000000
1714684479.536599,1.020512918,0.000000000
1714684479.636968,1.020846419,0.000000000
1714684479.736657,1.021171106,0.000000000
1714684479.837409,1.021489822,0.000000000
1714684479.937367,1.021723474,0.000000000
1714684480.037377,1.021953952,0.000000000
1714684480.137331,1.022169856,0.000000000
1714684480.236705,1.022344765,0.000000000
1714684480.336932,1.022520894,0.000000000
1714684480.436816,1.022723321,0.000000000
1714684480.536910,1.022872493,0.000000000
1714684480.636651,1.023028132,0.000000000
1714684480.736812,1.023180993,0.000000000
1714684480.836686,1.023275908,0.000000000
1714684480.936661,1.023462144,0.000000000
1714684481.037576,1.023543919,0.000000000
1714684481.137232,1.023660435,0.000000000
1714684481.236616,1.023774665,0.000000000
1714684481.336621,1.023866626,0.000000000
1714684481.436688,1.023953772,0.000000000
1714684481.536829,1.024034943,0.000000000
1714684481.636674,1.024101787,0.000000000
1714684481.737423,1.024175230,0.000000000
1714684481.836649,1.024242185,0.000000000
1714684481.937070,1.024351259,0.000000000
1714684482.036663,1.024360867,0.000000000
1714684482.136628,1.024402599,0.000000000
1714684482.236782,1.024431893,0.000000000
1714684482.336898,1.024465622,0.000000000
1714684482.436678,1.024485710,0.000000000
1714684482.536932,1.024495655,0.000000000
1714684482.636689,1.024509444,0.000000000
1714684482.736651,1.024552753,0.000000000
1714684482.836608,1.024531070,0.000000000
1714684482.936634,1.024454969,0.000000000
1714684483.036748,1.024401356,0.000000000
1714684483.136738,1.024389264,0.000000000
1714684483.236614,1.024322353,0.000000000
1714684483.336650,1.024232863,0.000000000
1714684483.436639,1.024135292,0.000000000
1714684483.536815,1.023975003,0.000000000
1714684483.636619,1.023896961,0.000000000
1714684483.736982,1.023710797,0.000000000
1714684483.837003,1.023591016,0.000000000
1714684483.936733,1.023366266,0.000000000
1714684484.036725,1.023226669,0.000000000
1714684484.136744,1.022974346,0.000000000
1714684484.236782,1.022770119,0.000000000
1714684484.336704,1.022527631,0.000000000
1714684484.436786,1.022369838,0.000000000
1714684484.536622,1.022156392,0.000000000
1714684484.636655,1.021951213,0.000000000
1714684484.736691,1.021751900,0.000000000
1714684484.836652,1.021593179,0.000000000
1714684484.937130,1.021358795,0.000000000
1714684485.036699,1.021158152,0.000000000
1714684485.136686,1.020982902,0.000000000
1714684485.236878,1.020796746,0.000000000
1714684485.336827,1.020620540,0.000000000
1714684485.437041,1.020372785,0.000000000
1714684485.537004,1.020139840,0.000000000
1714684485.636715,1.019929459,0.000000000
1714684485.736674,1.019684160,0.000000000
1714684485.836588,1.019432285,0.000000000
1714684485.936774,1.019240134,0.000000000
1714684486.036600,1.019019983,0.000000000
1714684486.136666,1.018809039,0.000000000
1714684486.236670,1.018600052,0.000000000
1714684486.336649,1.018444297,0.000000000
1714684486.436694,1.018246710,0.000000000
1714684486.536693,1.018072769,0.000000000
1714684486.636760,1.017984899,0.000000000
1714684486.736925,1.017826266,0.000000000
1714684486.836616,1.017778990,0.000000000
1714684486.936962,1.017660421,0.000000000
1714684487.036728,1.017606890,0.000000000
1714684487.137140,1.017564033,0.000000000
1714684487.236673,1.017541579,0.000000000
1714684487.336633,1.017579446,0.000000000
1714684487.436635,1.017508964,0.000000000
1714684487.536880,1.017504070,0.000000000
1714684487.636723,1.017549611,0.000000000
1714684487.737096,1.017536736,0.000000000
1714684487.836604,1.017463255,0.000000000
1714684487.936690,1.017442117,0.000000000
1714684488.036753,1.017425743,0.000000000
1714684488.136659,1.017404198,0.000000000
1714684488.236924,1.017431692,0.000000000
1714684488.336824,1.017298924,0.000000000
1714684488.436682,1.017311393,0.000000000
1714684488.536605,1.017266596,0.000000000
1714684488.636894,1.017211386,0.000000000
1714684488.736905,1.017141541,0.000000000
1714684488.836674,1.017020478,0.000000000
1714684488.936756,1.016955069,0.000000000
1714684489.036722,1.016831329,0.000000000
1714684489.136826,1.016698943,0.000000000
1714684489.236987,1.016556142,0.000000000
1714684489.336688,1.016388786,0.000000000
1714684489.436639,1.016206767,0.000000000
1714684489.536649,1.015978113,0.000000000
1714684489.636707,1.015799464,0.000000000
1714684489.736659,1.015573891,0.000000000
1714684489.836652,1.015362517,0.000000000
1714684489.937106,1.015156154,0.000000000
1714684490.036856,1.014920321,0.000000000
1714684490.136653,1.014707941,0.000000000
1714684490.236691,1.014538276,0.000000000
1714684490.337111,1.014352830,0.000000000
1714684490.436661,1.014208009,0.000000000
1714684490.536645,1.014037671,0.000000000
1714684490.637055,1.013918987,0.000000000
1714684490.736642,1.013790684,0.000000000
1714684490.836639,1.013646366,0.000000000
1714684490.936984,1.013578785,0.000000000
1714684491.036685,1.013517264,0.000000000
1714684491.136615,1.013425503,0.000000000
1714684491.237134,1.013387122,0.000000000
1714684491.336673,1.013372105,0.000000000
1714684491.436834,1.013355379,0.000000000
1714684491.536724,1.013356472,0.000000000
1714684491.636995,1.013371754,0.000000000
1714684491.736590,1.013413910,0.000000000
1714684491.836651,1.013434618,0.000000000
1714684491.937102,1.013424669,0.000000000
1714684492.036654,1.013435475,0.000000000
1714684492.136797,1.013455436,0.000000000
1714684492.236631,1.013460505,0.000000000
1714684492.336603,1.013450016,0.000000000
1714684492.436638,1.013440107,0.000000000
1714684492.536626,1.013373312,0.000000000
1714684492.636887,1.013343381,0.000000000
1714684492.736626,1.013289781,0.000000000
1714684492.836653,1.013150684,0.000000000
1714684492.936597,1.013029568,0.000000000
1714684493.036705,1.012885885,0.000000000
1714684493.136698,1.012727277,0.000000000
1714684493.236619,1.012587599,0.000000000
1714684493.336767,1.012421324,0.000000000
1714684493.436760,1.012264062,0.000000000
1714684493.536620,1.012095432,0.000000000
1714684493.637223,1.011874094,0.000000000
1714684493.736713,1.011733563,0.000000000
1714684493.836659,1.011533269,0.000000000
1714684493.937082,1.011357497,0.000000000
1714684494.036604,1.011188309,0.000000000
1714684494.136590,1.011043501,0.000000000
1714684494.236667,1.010879718,0.000000000
1714684494.336929,1.010793750,0.000000000
1714684494.436685,1.010670842,0.000000000
1714684494.536922,1.010483371,0.000000000
1714684494.636688,1.010365588,0.000000000
1714684494.736651,1.010241612,0.000000000
1714684494.836606,1.010117213,0.000000000
1714684494.936650,1.010079265,0.000000000
1714684495.036673,1.009929027,0.000000000
1714684495.136703,1.009794139,0.000000000
1714684495.236716,1.009772201,0.000000000
1714684495.336680,1.009693699,0.000000000
1714684495.436895,1.009644468,0.000000000
1714684495.536625,1.009588760,0.000000000
1714684495.636640,1.009468112,0.000000000
1714684495.736611,1.009470974,0.000000000
1714684495.836695,1.009462072,0.000000000
1714684495.936583,1.009408394,0.000000000
1714684496.036626,1.009332966,0.000000000
1714684496.136951,1.009293899,0.000000000
1714684496.236633,1.009262552,0.000000000
1714684496.336789,1.009281974,0.000000000
1714684496.436930,1.009206637,0.000000000
1714684496.536620,1.009180108,0.000000000
1714684496.636682,1.009146048,0.000000000
1714684496.736653,1.009097988,0.000000000
1714684496.837714,1.009059602,0.000000000
1714684496.936937,1.009021836,0.000000000
1714684497.036628,1.008942775,0.000000000
1714684497.136867,1.008992284,0.000000000
1714684497.236665,1.009012704,0.000000000
1714684497.336969,1.009094835,0.000000000
1714684497.436684,1.009169101,0.000000000
1714684497.536962,1.009278247,0.000000000
1714684497.637112,1.009291141,0.000000000
1714684497.737167,1.009381619,0.000000000
1714684497.837156,1.009503229,0.000000000
1714684497.936955,1.009595630,0.000000000
1714684498.036677,1.009689849,0.000000000
1714684498.136612,1.009797247,0.000000000
1714684498.236852,1.009853863,0.000000000
1714684498.336606,1.009915542,0.000000000
1714684498.436860,1.010053307,0.000000000
1714684498.536670,1.009995085,0.000000000
1714684498.636656,1.010107116,0.000000000
1714684498.736650,1.010039914,0.000000000
1714684498.836667,1.010015212,0.000000000
1714684498.936634,1.010002525,0.000000000
1714684499.036722,1.010051461,0.000000000
1714684499.136775,1.009998786,0.000000000
1714684499.237108,1.009875865,0.000000000
1714684499.337410,1.009818433,0.000000000
1714684499.436663,1.009817170,0.000000000
1714684499.536659,1.009684355,0.000000000
1714684499.636697,1.009602610,0.000000000
1714684499.736608,1.009582604,0.000000000
1714684499.836948,1.009503465,0.000000000
1714684499.936995,1.009399175,0.000000000
1714684500.036631,1.009270809,0.000000000
1714684500.136668,1.009085073,0.000000000
1714684500.236741,1.008943042,0.000000000
1714684500.336926,1.008857186,0.000000000
1714684500.436902,1.008733292,0.000000000
1714684500.536641,1.008593140,0.000000000
1714684500.636608,1.008428069,0.000000000
1714684500.736726,1.008229820,0.000000000
1714684500.837020,1.008144890,0.000000000
1714684500.937254,1.007991939,0.000000000
1714684501.036835,1.007859188,0.000000000
1714684501.136683,1.007636976,0.000000000
1714684501.236897,1.007481525,0.000000000
1714684501.336654,1.007353740,0.000000000
1714684501.436807,1.007278247,0.000000000
1714684501.536958,1.007137649,0.000000000
1714684501.636744,1.006959421,0.000000000
1714684501.736626,1.006894813,0.000000000
1714684501.836691,1.006717176,0.000000000
1714684501.936650,1.006684728,0.000000000
1714684502.036688,1.006584652,0.000000000
1714684502.136637,1.006502706,0.000000000
1714684502.237099,1.006434621,0.000000000
1714684502.336639,1.006359341,0.000000000
1714684502.436914,1.006226046,0.000000000
1714684502.536686,1.006170426,0.000000000
1714684502.636652,1.006176612,0.000000000
1714684502.737143,1.006132856,0.000000000
1714684502.836869,1.006092629,0.000000000
1714684502.936922,1.006043706,0.000000000
1714684503.036806,1.006009065,0.000000000
1714684503.136667,1.005916788,0.000000000
1714684503.236609,1.005881113,0.000000000
1714684503.337083,1.005859949,0.000000000
1714684503.436739,1.005842624,0.000000000
1714684503.536769,1.005816558,0.000000000
1714684503.637301,1.005806140,0.000000000
1714684503.736596,1.005855311,0.000000000
1714684503.836847,1.005832804,0.000000000
1714684503.936858,1.005814267,0.000000000
1714684504.036799,1.005723322,0.000000000
1714684504.136759,1.005667051,0.000000000
1714684504.236708,1.005688414,0.000000000
1714684504.336630,1.005678936,0.000000000
1714684504.436650,1.005601755,0.000000000
1714684504.536947,1.005657346,0.000000000
1714684504.636747,1.005618273,0.000000000
1714684504.736642,1.005691905,0.000000000
1714684504.836640,1.005645829,0.000000000
1714684504.936625,1.005684816,0.000000000
1714684505.036970,1.005779519,0.000000000
1714684505.136745,1.005753217,0.000000000
1714684505.237379,1.005870569,0.000000000
1714684505.336711,1.005914782,0.000000000
1714684505.436853,1.005950380,0.000000000
1714684505.536661,1.006001122,0.000000000
1714684505.636586,1.005982302,0.000000000
1714684505.736630,1.006014779,0.000000000
1714684505.836672,1.006068207,0.000000000
1714684505.936837,1.006090857,0.000000000
1714684506.036624,1.006105126,0.000000000
1714684506.136843,1.006123040,0.000000000
1714684506.236667,1.006108377,0.000000000
1714684506.337119,1.006091318,0.000000000
1714684506.436627,1.006093583,0.000000000
1714684506.536949,1.006150114,0.000000000
1714684506.636631,1.006092708,0.000000000
1714684506.736584,1.006083378,0.000000000
1714684506.836612,1.006066269,0.000000000
1714684506.937214,1.006010181,0.000000000
1714684507.036597,1.006011946,0.000000000
1714684507.136926,1.005995973,0.000000000
1714684507.236895,1.005942349,0.000000000
1714684507.337032,1.005904533,0.000000000
1714684507.436853,1.005870948,0.000000000
1714684507.536673,1.005844865,0.000000000
1714684507.637184,1.005827895,0.000000000
1714684507.736652,1.005823646,0.000000000
1714684507.836974,1.005833648,0.000000000
1714684507.937096,1.005861372,0.000000000
1714684508.036665,1.005901467,0.000000000
1714684508.136817,1.005962231,0.000000000
1714684508.237005,1.006036878,0.000000000
1714684508.336919,1.006132137,0.000000000
1714684508.436775,1.006235869,0.000000000
1714684508.536817,1.006410994,0.000000000
1714684508.636714,1.006474320,0.000000000
1714684508.736892,1.006533332,0.000000000
1714684508.836862,1.006717793,0.000000000
1714684508.936778,1.006911732,0.000000000
1714684509.036636,1.006958013,0.000000000
1714684509.137078,1.007050901,0.000000000
1714684509.236821,1.007131601,0.000000000
1714684509.336635,1.007192162,0.000000000
1714684509.436640,1.007237900,0.000000000
1714684509.536746,1.007325741,0.000000000
1714684509.636657,1.007290228,0.000000000
1714684509.736899,1.007305038,0.000000000
1714684509.837079,1.007303976,0.000000000
1714684509.936762,1.007295068,0.000000000
1714684510.037151,1.007281052,0.000000000
1714684510.136661,1.007202027,0.000000000
1714684510.236649,1.007238771,0.000000000
1714684510.336658,1.007221755,0.000000000
1714684510.437253,1.007202697,0.000000000
1714684510.536666,1.007190850,0.000000000
1714684510.636606,1.007173040,0.000000000
1714684510.736693,1.007106699,0.000000000
1714684510.836786,1.007161780,0.000000000
1714684510.936648,1.007095503,0.000000000
1714684511.036746,1.007093685,0.000000000
1714684511.136673,1.007089407,0.000000000
1714684511.236700,1.007078625,0.000000000
1714684511.336636,1.007074802,0.000000000
1714684511.437047,1.007063235,0.000000000
1714684511.537549,1.007107137,0.000000000
1714684511.636632,1.007102106,0.000000000
1714684511.736932,1.007094755,0.000000000
1714684511.836870,1.007091456,0.000000000
1714684511.937321,1.007094702,0.000000000
1714684512.036654,1.007092449,0.000000000
1714684512.136852,1.007093171,0.000000000
1714684512.236601,1.007085998,0.000000000
1714684512.336612,1.007064502,0.000000000
1714684512.436625,1.007041398,0.000000000
1714684512.536708,1.006993300,0.000000000
1714684512.636619,1.006925562,0.000000000
1714684512.736813,1.006847092,0.000000000
1714684512.836620,1.006738911,0.000000000
1714684512.936748,1.006562972,0.000000000
1714684513.036666,1.006482213,0.000000000
1714684513.136981,1.006312071,0.000000000
1714684513.236903,1.006137564,0.000000000
1714684513.336983,1.005951063,0.000000000
1714684513.436738,1.005747461,0.000000000
1714684513.536632,1.005552660,0.000000000
1714684513.636650,1.005338135,0.000000000
1714684513.736628,1.005106668,0.000000000
1714684513.836613,1.004927491,0.000000000
1714684513.936664,1.004694837,0.000000000
1714684514.036962,1.004370872,0.000000000
1714684514.136719,1.004201770,0.000000000
1714684514.236657,1.003996015,0.000000000
1714684514.336613,1.003794779,0.000000000
1714684514.436770,1.003568960,0.000000000
1714684514.536592,1.003385206,0.000000000
1714684514.636567,1.003276226,0.000000000
1714684514.736886,1.003137435,0.000000000
1714684514.836613,1.003032991,0.000000000
1714684514.936682,1.002966610,0.000000000
1714684515.036684,1.002950742,0.000000000
1714684515.137066,1.002938369,0.000000000
1714684515.237057,1.002925804,0.000000000
1714684515.336775,1.002964419,0.000000000
1714684515.436584,1.002944897,0.000000000
1714684515.536762,1.002997000,0.000000000
1714684515.636971,1.003089894,0.000000000
1714684515.736724,1.003259872,0.000000000
1714684515.837035,1.003363666,0.000000000
1714684515.936627,1.003483758,0.000000000
1714684516.036788,1.003581703,0.000000000
1714684516.137207,1.003631874,0.000000000
1714684516.236930,1.003822946,0.000000000
1714684516.336724,1.003929803,0.000000000
1714684516.437349,1.004043171,0.000000000
1714684516.536697,1.004125430,0.000000000
1714684516.636697,1.004235371,0.000000000
1714684516.736648,1.004330642,0.000000000
1714684516.836983,1.004413925,0.000000000
1714684516.936609,1.004506027,0.000000000
1714684517.036879,1.004556336,0.000000000
1714684517.136812,1.004714028,0.000000000
1714684517.237223,1.004676086,0.000000000
1714684517.336777,1.004619576,0.000000000
1714684517.436698,1.004660146,0.000000000
1714684517.536720,1.004670790,0.000000000
1714684517.636676,1.004752186,0.000000000
1714684517.736949,1.004783209,0.000000000
1714684517.836675,1.004778285,0.000000000
1714684517.936608,1.004753742,0.000000000
1714684518.036796,1.004742516,0.000000000
1714684518.136846,1.004606101,0.000000000
1714684518.236931,1.004628094,0.000000000
1714684518.336807,1.004505407,0.000000000
1714684518.437407,1.004498153,0.000000000
1714684518.536718,1.004412340,0.000000000
1714684518.636660,1.004304574,0.000000000
1714684518.736884,1.004171212,0.000000000
1714684518.836912,1.004063406,0.000000000
1714684518.936687,1.003862662,0.000000000
1714684519.036631,1.003726065,0.000000000
1714684519.136637,1.003755921,0.000000000
1714684519.236868,1.003530361,0.000000000
1714684519.337372,1.003303581,0.000000000
1714684519.436692,1.003249744,0.000000000
1714684519.536838,1.003106609,0.000000000
1714684519.636686,1.002898089,0.000000000
1714684519.736679,1.002878275,0.000000000
1714684519.836680,1.002758834,0.000000000
1714684519.936900,1.002578672,0.000000000
1714684520.036729,1.002497152,0.000000000
1714684520.137232,1.002503611,0.000000000
1714684520.236724,1.002362338,0.000000000
1714684520.336734,1.002386412,0.000000000
1714684520.436667,1.002325403,0.000000000
1714684520.536723,1.002286461,0.000000000
1714684520.636594,1.002236364,0.000000000
1714684520.736827,1.002198373,0.000000000
1714684520.838597,1.001995939,0.000000000
1714684520.936762,1.002142384,0.000000000
1714684521.037038,1.002099197,0.000000000
1714684521.136759,1.001986350,0.000000000
1714684521.236739,1.001960405,0.000000000
1714684521.336868,1.002019599,0.000000000
1714684521.437044,1.001925436,0.000000000
1714684521.536938,1.002001926,0.000000000
1714684521.636673,1.001990400,0.000000000
1714684521.736663,1.001997183,0.000000000
1714684521.836655,1.001923917,0.000000000
1714684521.936658,1.001929330,0.000000000
1714684522.036694,1.001937204,0.000000000
1714684522.137111,1.001935662,0.000000000
1714684522.236698,1.002014567,0.000000000
1714684522.336702,1.002109698,0.000000000
1714684522.436762,1.002028960,0.000000000
1714684522.536698,1.001948609,0.000000000
1714684522.636657,1.001964614,0.000000000
1714684522.737001,1.002066853,0.000000000
1714684522.836884,1.002089147,0.000000000
1714684522.937038,1.002107150,0.000000000
1714684523.036627,1.002023303,0.000000000
1714684523.136704,1.002140542,0.000000000
1714684523.236681,1.002052544,0.000000000
1714684523.336693,1.002160520,0.000000000
1714684523.436698,1.002066028,0.000000000
1714684523.536785,1.002062373,0.000000000
1714684523.636715,1.002155451,0.000000000
1714684523.736644,1.002046265,0.000000000
1714684523.836772,1.002028929,0.000000000
1714684523.936654,1.002004921,0.000000000
1714684524.036639,1.002079304,0.000000000
1714684524.136975,1.002051777,0.000000000
1714684524.237194,1.002025474,0.000000000
1714684524.337137,1.001998310,0.000000000
1714684524.436719,1.001966304,0.000000000
1714684524.536624,1.001843742,0.000000000
1714684524.636949,1.001893831,0.000000000
1714684524.736693,1.001850344,0.000000000
1714684524.836784,1.001798820,0.000000000
1714684524.936765,1.001744417,0.000000000
1714684525.036770,1.001689058,0.000000000
1714684525.136844,1.001559030,0.000000000
1714684525.237388,1.001571593,0.000000000
1714684525.336755,1.001512302,0.000000000
1714684525.436980,1.001383733,0.000000000
1714684525.536820,1.001325384,0.000000000
1714684525.636744,1.001401787,0.000000000
1714684525.736872,1.001284641,0.000000000
1714684525.836593,1.001234965,0.000000000
1714684525.936602,1.001212788,0.000000000
1714684526.036628,1.001200493,0.000000000
1714684526.136678,1.001184078,0.000000000
1714684526.236825,1.001181368,0.000000000
1714684526.336750,1.001172233,0.000000000
1714684526.436673,1.001174464,0.000000000
1714684526.536700,1.001186700,0.000000000
1714684526.636657,1.001106695,0.000000000
1714684526.736591,1.001189771,0.000000000
1714684526.836740,1.001102186,0.000000000
1714684526.936670,1.001188722,0.000000000
1714684527.036783,1.001198991,0.000000000
1714684527.136911,1.001201690,0.000000000
1714684527.237228,1.001214146,0.000000000
1714684527.336669,1.001226839,0.000000000
1714684527.436587,1.001125618,0.000000000
1714684527.537020,1.001253451,0.000000000
1714684527.636867,1.001380508,0.000000000
1714684527.736720,1.001396049,0.000000000
1714684527.836690,1.001292958,0.000000000
1714684527.936660,1.001302107,0.000000000
1714684528.036598,1.001318587,0.000000000
1714684528.137036,1.001318537,0.000000000
1714684528.237279,1.001318289,0.000000000
1714684528.336586,1.001326078,0.000000000
1714684528.436624,1.001317650,0.000000000
1714684528.536655,1.001313654,0.000000000
1714684528.636776,1.001187447,0.000000000
1714684528.736608,1.001283503,0.000000000
1714684528.836635,1.001265093,0.000000000
1714684528.936783,1.001242582,0.000000000
1714684529.036588,1.001213496,0.000000000
1714684529.136595,1.001188253,0.000000000
1714684529.237179,1.001156545,0.000000000
1714684529.336792,1.001026502,0.000000000
1714684529.436825,1.001107543,0.000000000
1714684529.537188,1.000980281,0.000000000
1714684529.637585,1.001056660,0.000000000
1714684529.736643,1.000941544,0.000000000
1714684529.836858,1.001008430,0.000000000
1714684529.936864,1.000985539,0.000000000
1714684530.036636,1.000962770,0.000000000
1714684530.136985,1.000940473,0.000000000
1714684530.236657,1.000935475,0.000000000
1714684530.336757,1.000856391,0.000000000
1714684530.436679,1.000849598,0.000000000
1714684530.536573,1.000935502,0.000000000
1714684530.636639,1.000935747,0.000000000
1714684530.737139,1.000929387,0.000000000
1714684530.836711,1.000860314,0.000000000
1714684530.936635,1.000945795,0.000000000
1714684531.036635,1.000854868,0.000000000
1714684531.136647,1.000953409,0.000000000
1714684531.236703,1.000864694,0.000000000
1714684531.337202,1.000968956,0.000000000
1714684531.436636,1.000895545,0.000000000
1714684531.536614,1.000892295,0.000000000
1714684531.636991,1.000984357,0.000000000
1714684531.736614,1.000970144,0.000000000
1714684531.836958,1.000945708,0.000000000
1714684531.936649,1.000917857,0.000000000
1714684532.036599,1.000881726,0.000000000
1714684532.136599,1.000864462,0.000000000
1714684532.236887,1.000833805,0.000000000
1714684532.336637,1.000799741,0.000000000
1714684532.436787,1.000789025,0.000000000
1714684532.536856,1.000650117,0.000000000
1714684532.636739,1.000637418,0.000000000
1714684532.736926,1.000639821,0.000000000
1714684532.837295,1.000739292,0.000000000
1714684532.937372,1.000868418,0.000000000
1714684533.036690,1.000675332,0.000000000
1714684533.136612,1.000804537,0.000000000
1714684533.236689,1.000835914,0.000000000
1714684533.336815,1.000915327,0.000000000
1714684533.437162,1.000989813,0.000000000
1714684533.536755,1.001085243,0.000000000
1714684533.636701,1.001202424,0.000000000
1714684533.736641,1.001313441,0.000000000
1714684533.836691,1.001442154,0.000000000
1714684533.936811,1.001578102,0.000000000
1714684534.036772,1.001685836,0.000000000
1714684534.136890,1.001785810,0.000000000
1714684534.237139,1.001886877,0.000000000
1714684534.336611,1.001969849,0.000000000
1714684534.436636,1.002043452,0.000000000
1714684534.536687,1.002095650,0.000000000
1714684534.636622,1.002128961,0.000000000
1714684534.736639,1.002148430,0.000000000
1714684534.836828,1.002138819,0.000000000
1714684534.936792,1.002125400,0.000000000
1714684535.036642,1.002093639,0.000000000
1714684535.136714,1.002036887,0.000000000
1714684535.236699,1.001975078,0.000000000
1714684535.336719,1.001801779,0.000000000
1714684535.436674,1.001806800,0.000000000
1714684535.536633,1.001704022,0.000000000
1714684535.636660,1.001597138,0.000000000
1714684535.736604,1.001430142,0.000000000
1714684535.837003,1.001354328,0.000000000
1714684535.936603,1.001272312,0.000000000
1714684536.036674,1.001287559,0.000000000
1714684536.137015,1.001212237,0.000000000
1714684536.236689,1.001143394,0.000000000
1714684536.336720,1.000997594,0.000000000
1714684536.436601,1.000921436,0.000000000
1714684536.537332,1.000917892,0.000000000
1714684536.637017,1.000834554,0.000000000
1714684536.736654,1.000653029,0.000000000
1714684536.836767,1.000668814,0.000000000
1714684536.936676,1.000696896,0.000000000
1714684537.036656,1.000513296,0.000000000
1714684537.136715,1.000359430,0.000000000
1714684537.236953,1.000330534,0.000000000
1714684537.336932,1.000407011,0.000000000
1714684537.436669,1.000289218,0.000000000
1714684537.536674,1.000401594,0.000000000
1714684537.636683,1.000398099,0.000000000
1714684537.736602,1.000431900,0.000000000
1714684537.836734,1.000478839,0.000000000
1714684537.936735,1.000512228,0.000000000
1714684538.036628,1.000576453,0.000000000
1714684538.136606,1.000660124,0.000000000
1714684538.236772,1.000597891,0.000000000
1714684538.337134,1.000801814,0.000000000
1714684538.437005,1.000881425,0.000000000
1714684538.536651,1.000944880,0.000000000
1714684538.636583,1.001139617,0.000000000
1714684538.736633,1.001067111,0.000000000
1714684538.836671,1.001097289,0.000000000
1714684538.936801,1.001141482,0.000000000
1714684539.037344,1.001036998,0.000000000
1714684539.136669,1.001023082,0.000000000
1714684539.236734,1.001224346,0.000000000
1714684539.336714,1.001072685,0.000000000
1714684539.437146,1.000914713,0.000000000
1714684539.536780,1.000867182,0.000000000
1714684539.636915,1.000809615,0.000000000
1714684539.736694,1.000744063,0.000000000
1714684539.836643,1.000776570,0.000000000
1714684539.936742,1.000608043,0.000000000
1714684540.036815,1.000533644,0.000000000
1714684540.136982,1.000551580,0.000000000
1714684540.237036,1.000390559,0.000000000
1714684540.336764,1.000398513,0.000000000
1714684540.436740,1.000231559,0.000000000
1714684540.536836,1.000231942,0.000000000
1714684540.637058,1.000147625,0.000000000
1714684540.736727,0.999983102,0.000000000
1714684540.836699,0.999906115,0.000000000
1714684540.936677,0.999838514,0.000000000
1714684541.036664,0.999869026,0.000000000
1714684541.136776,0.999718153,0.000000000
1714684541.236639,0.999663855,0.000000000
1714684541.336636,0.999717426,0.000000000
1714684541.437182,0.999575879,0.000000000
1714684541.536745,0.999654937,0.000000000
1714684541.636720,0.999524236,0.000000000
1714684541.736621,0.999618491,0.000000000
1714684541.836724,0.999610904,0.000000000
1714684541.936668,0.999610366,0.000000000
1714684542.036824,0.999497337,0.000000000
1714684542.136592,0.999630949,0.000000000
1714684542.236750,0.999652902,0.000000000
1714684542.336614,0.999550338,0.000000000
1714684542.436964,0.999575446,0.000000000
1714684542.537028,0.999604164,0.000000000
1714684542.637145,0.999634670,0.000000000
1714684542.737173,0.999669115,0.000000000
1714684542.836622,0.999841202,0.000000000
1714684542.936755,0.999880930,0.000000000
1714684543.036687,0.999920548,0.000000000
1714684543.136625,0.999960107,0.000000000
1714684543.237203,0.999851819,0.000000000
1714684543.337173,0.999882268,0.000000000
1714684543.437021,0.999911284,0.000000000
1714684543.537361,1.000078406,0.000000000
1714684543.636683,1.000102287,0.000000000
1714684543.736658,1.000121667,0.000000000
1714684543.837059,0.999996004,0.000000000
1714684543.936990,1.000009517,0.000000000
1714684544.036957,1.000019879,0.000000000
1714684544.136638,1.000165513,0.000000000
1714684544.236675,1.000169029,0.000000000
1714684544.336785,1.000171077,0.000000000
1714684544.436653,1.000172911,0.000000000
1714684544.536761,1.000039296,0.000000000
1714684544.636652,1.000169317,0.000000000
1714684544.736641,1.000166190,0.000000000
1714684544.836979,1.000032686,0.000000000
1714684544.936650,1.000149201,0.000000000
1714684545.036992,1.000015561,0.000000000
1714684545.136682,1.000121973,0.000000000
1714684545.236780,0.999985719,0.000000000
1714684545.336729,1.000086841,0.000000000
1714684545.436990,0.999956275,0.000000000
1714684545.536848,0.999942762,0.000000000
1714684545.636678,1.000042548,0.000000000
1714684545.736647,1.000031661,0.000000000
1714684545.836719,0.999918968,0.000000000
1714684545.937164,0.999916344,0.000000000
1714684546.037032,0.999914072,0.000000000
1714684546.136990,1.000010730,0.000000000
1714684546.237374,0.999909468,0.000000000
1714684546.337506,0.999905082,0.000000000
1714684546.436912,0.999902852,0.000000000
1714684546.536808,0.999905015,0.000000000
1714684546.636753,0.999906784,0.000000000
1714684546.736999,0.999908246,0.000000000
1714684546.836716,1.000008171,0.000000000
1714684546.936709,0.999920771,0.000000000
1714684547.036919,1.000008923,0.000000000
1714684547.136787,1.000004220,0.000000000
1714684547.236942,0.999905964,0.000000000
1714684547.337318,0.999892152,0.000000000
1714684547.436657,0.999969055,0.000000000
1714684547.536837,0.999961986,0.000000000
1714684547.636689,0.999954138,0.000000000
1714684547.737150,0.999842023,0.000000000
1714684547.836657,0.999926293,0.000000000
1714684547.936632,0.999841839,0.000000000
1714684548.037193,0.999854672,0.000000000
1714684548.136905,0.999957060,0.000000000
1714684548.237360,0.999870520,0.000000000
1714684548.336649,0.999972634,0.000000000
1714684548.437209,0.999891859,0.000000000
1714684548.536673,0.999997893,0.000000000
1714684548.636631,0.999916697,0.000000000
1714684548.736615,0.999932401,0.000000000
1714684548.836687,0.999953771,0.000000000
1714684548.936876,1.000064192,0.000000000
1714684549.036805,1.000086114,0.000000000
1714684549.136642,1.000109655,0.000000000
1714684549.236626,1.000045724,0.000000000
1714684549.336663,1.000062174,0.000000000
1714684549.436790,1.000158251,0.000000000
1714684549.536624,1.000172198,0.000000000
1714684549.636774,1.000098702,0.000000000
1714684549.736692,1.000193105,0.000000000
1714684549.836648,1.000206394,0.000000000
1714684549.936984,1.000133340,0.000000000
1714684550.036698,1.000226809,0.000000000
1714684550.136826,1.000241041,0.000000000
1714684550.236617,1.000171245,0.000000000
1714684550.336631,1.000179740,0.000000000
1714684550.436765,1.000192865,0.000000000
1714684550.537257,1.000217786,0.000000000
1714684550.636662,1.000240471,0.000000000
1714684550.736647,1.000365163,0.000000000
1714684550.836659,1.000396951,0.000000000
1714684550.936783,1.000429309,0.000000000
1714684551.036869,1.000363374,0.000000000
1714684551.137737,1.000392093,0.000000000
1714684551.236614,1.000532102,0.000000000
1714684551.336666,1.000570174,0.000000000
1714684551.436633,1.000602231,0.000000000
1714684551.536650,1.000639175,0.000000000
1714684551.636985,1.000550526,0.000000000
1714684551.736859,1.000702864,0.000000000
1714684551.836658,1.000600558,0.000000000
1714684551.936748,1.000759667,0.000000000
1714684552.036627,1.000778997,0.000000000
1714684552.136636,1.000800573,0.000000000
1714684552.236709,1.000817087,0.000000000
1714684552.336676,1.000826084,0.000000000
1714684552.436663,1.000695626,0.000000000
1714684552.536631,1.000831780,0.000000000
1714684552.636882,1.000689424,0.000000000
1714684552.736829,1.000683002,0.000000000
1714684552.836640,1.000800035,0.000000000
1714684552.936942,1.000656720,0.000000000
1714684553.036703,1.000643071,0.000000000
1714684553.136648,1.000744853,0.000000000
1714684553.236729,1.000606791,0.000000000
1714684553.337020,1.000587642,0.000000000
1714684553.436794,1.000563054,0.000000000
1714684553.536977,1.000546121,0.000000000
1714684553.636769,1.000628732,0.000000000
1714684553.736639,1.000596209,0.000000000
1714684553.837224,1.000574045,0.000000000
1714684553.936615,1.000550863,0.000000000
1714684554.036643,1.000520932,0.000000000
1714684554.136876,1.000432482,0.000000000
1714684554.236660,1.000480834,0.000000000
1714684554.336702,1.000452007,0.000000000
1714684554.436626,1.000435649,0.000000000
1714684554.536657,1.000415868,0.000000000
1714684554.636801,1.000352513,0.000000000
1714684554.736974,1.000383987,0.000000000
1714684554.836667,1.000369023,0.000000000
1714684554.936924,1.000323814,0.000000000
1714684555.036682,1.000322784,0.000000000
1714684555.136798,1.000317292,0.000000000
1714684555.237426,1.000310350,0.000000000
1714684555.336841,1.000312967,0.000000000
1714684555.436615,1.000323583,0.000000000
1714684555.537008,1.000307652,0.000000000
1714684555.636845,1.000313884,0.000000000
1714684555.737041,1.000314576,0.000000000
1714684555.836634,1.000314292,0.000000000
1714684555.936635,1.000322468,0.000000000
1714684556.036899,1.000324498,0.000000000
1714684556.136808,1.000325267,0.000000000
1714684556.236691,1.000333468,0.000000000
1714684556.336807,1.000335535,0.000000000
1714684556.436884,1.000335168,0.000000000
1714684556.536702,1.000343167,0.000000000
1714684556.636657,1.000343374,0.000000000
1714684556.736825,1.000343891,0.000000000
1714684556.836775,1.000350849,0.000000000
1714684556.936687,1.000348689,0.000000000
1714684557.036700,1.000350339,0.000000000
1714684557.136865,1.000356518,0.000000000
1714684557.236729,1.000354623,0.000000000
1714684557.336860,1.000355770,0.000000000
1714684557.436715,1.000362532,0.000000000
1714684557.536834,1.000358305,0.000000000
1714684557.636609,1.000359317,0.000000000
1714684557.736969,1.000364951,0.000000000
1714684557.836848,1.000360206,0.000000000
1714684557.936709,1.000358278,0.000000000
1714684558.036814,1.000362211,0.000000000
1714684558.136723,1.000355037,0.000000000
1714684558.236744,1.000353156,0.000000000
1714684558.336743,1.000352180,0.000000000
1714684558.436661,1.000343716,0.000000000
1714684558.536983,1.000341150,0.000000000
1714684558.636594,1.000340436,0.000000000
1714684558.736672,1.000330266,0.000000000
1714684558.836609,1.000327982,0.000000000
1714684558.936612,1.000326053,0.000000000
1714684559.036640,1.000316841,0.000000000
1714684559.137326,1.000314935,0.000000000
1714684559.236650,1.000314796,0.000000000
1714684559.336809,1.000304963,0.000000000
1714684559.436654,1.000302911,0.000000000
1714684559.536695,1.000305916,0.000000000
1714684559.636804,1.000296358,0.000000000
1714684559.736944,1.000296543,0.000000000
1714684559.836771,1.000302485,0.000000000
1714684559.936623,1.000297966,0.000000000
1714684560.036623,1.000295053,0.000000000
1714684560.136815,1.000304135,0.000000000
1714684560.236739,1.000296108,0.000000000
1714684560.336754,1.000299926,0.000000000
1714684560.436725,1.000304789,0.000000000
1714684560.536611,1.000301829,0.000000000
1714684560.636677,1.000308511,0.000000000
1714684560.737270,1.000317586,0.000000000
1714684560.836663,1.000315982,0.000000000
1714684560.936853,1.000321999,0.000000000
1714684561.036962,1.000323642,0.000000000
1714684561.136806,1.000311622,0.000000000
1714684561.236663,1.000323638,0.000000000
1714684561.336668,1.000323861,0.000000000
1714684561.436702,1.000318150,0.000000000
1714684561.537522,1.000318674,0.000000000
1714684561.636893,1.000318262,0.000000000
1714684561.736791,1.000310606,0.000000000
1714684561.837270,1.000309174,0.000000000
1714684561.936771,1.000298776,0.000000000
1714684562.036905,1.000288800,0.000000000
1714684562.137085,1.000297837,0.000000000
1714684562.236984,1.000295310,0.000000000
1714684562.336626,1.000276379,0.000000000
1714684562.436946,1.000287391,0.000000000
1714684562.536864,1.000273819,0.000000000
1714684562.637082,1.000277109,0.000000000
1714684562.737061,1.000277977,0.000000000
1714684562.836658,1.000263524,0.000000000
1714684562.937539,1.000267118,0.000000000
1714684563.037811,1.000267288,0.000000000
1714684563.137133,1.000262934,0.000000000
1714684563.236732,1.000241940,0.000000000
1714684563.336797,1.000254371,0.000000000
1714684563.436834,1.000237151,0.000000000
1714684563.537177,1.000241361,0.000000000
1714684563.636686,1.000226994,0.000000000
1714684563.736988,1.000224093,0.000000000
1714684563.836693,1.000228624,0.000000000
1714684563.936685,1.000212988,0.000000000
1714684564.036896,1.000210822,0.000000000
1714684564.136770,1.000215490,0.000000000
1714684564.236904,1.000213859,0.000000000
1714684564.336674,1.000195838,0.000000000
1714684564.436656,1.000186152,0.000000000
1714684564.537155,1.000199790,0.000000000
1714684564.636740,1.000179941,0.000000000
1714684564.736871,1.000185650,0.000000000
1714684564.837135,1.000183936,0.000000000
1714684564.936786,1.000177884,0.000000000
1714684565.036749,1.000168495,0.000000000
1714684565.137312,1.000151275,0.000000000
1714684565.237359,1.000160258,0.000000000
1714684565.336767,1.000151689,0.000000000
1714684565.436638,1.000150711,0.000000000
1714684565.536664,1.000145476,0.000000000
1714684565.636946,1.000136058,0.000000000
1714684565.736840,1.000134997,0.000000000
1714684565.836624,1.000111577,0.000000000
1714684565.936895,1.000102649,0.000000000
1714684566.037514,1.000101498,0.000000000
1714684566.136800,1.000093748,0.000000000
1714684566.237184,1.000085475,0.000000000
1714684566.336684,1.000099256,0.000000000
1714684566.436908,1.000087750,0.000000000
1714684566.536629,1.000050607,0.000000000
1714684566.636711,1.000022209,0.000000000
1714684566.736879,0.999997774,0.000000000
1714684566.836622,0.999954018,0.000000000
1714684566.936686,0.999919312,0.000000000
1714684567.036668,0.999880313,0.000000000
1714684567.136655,0.999839064,0.000000000
1714684567.236787,0.999785071,0.000000000
1714684567.337104,0.999738774,0.000000000
1714684567.437364,0.999687852,0.000000000
1714684567.537004,0.999643969,0.000000000
1714684567.636631,0.999603398,0.000000000
1714684567.736713,0.999591196,0.000000000
1714684567.836634,0.999555389,0.000000000
1714684567.936667,0.999489039,0.000000000
1714684568.036804,0.999461546,0.000000000
1714684568.136694,0.999486403,0.000000000
1714684568.236650,0.999474956,0.000000000
1714684568.336631,0.999467574,0.000000000
1714684568.436654,0.999411865,0.000000000
1714684568.536757,0.999417841,0.000000000
1714684568.637014,0.999426758,0.000000000
1714684568.736681,0.999441467,0.000000000
1714684568.836618,0.999462789,0.000000000
1714684568.936733,0.999484827,0.000000000
1714684569.036711,0.999511345,0.000000000
1714684569.136753,0.999541889,0.000000000
1714684569.236872,0.999642738,0.000000000
1714684569.336694,0.999681629,0.000000000
1714684569.436808,0.999654722,0.000000000
1714684569.536824,0.999761148,0.000000000
1714684569.636610,0.999803161,0.000000000
1714684569.736647,0.999844496,0.000000000
1714684569.836623,0.999884504,0.000000000
1714684569.936749,0.999856611,0.000000000
1714684570.036656,0.999963063,0.000000000
1714684570.137048,0.999928114,0.000000000
1714684570.236878,0.999962717,0.000000000
1714684570.336689,1.000060749,0.000000000
1714684570.437384,1.000016608,0.000000000
1714684570.536818,1.000103226,0.000000000
1714684570.636661,1.000125714,0.000000000
1714684570.736766,1.000139350,0.000000000
1714684570.836654,1.000154470,0.000000000
1714684570.937082,1.000167738,0.000000000
1714684571.036680,1.000109982,0.000000000
1714684571.136765,1.000182391,0.000000000
1714684571.236653,1.000188592,0.000000000
1714684571.336782,1.000122518,0.000000000
1714684571.437089,1.000188386,0.000000000
1714684571.536814,1.000186823,0.000000000
1714684571.636650,1.000180084,0.000000000
1714684571.736646,1.000110147,0.000000000
1714684571.836785,1.000103307,0.000000000
1714684571.936766,1.000093976,0.000000000
1714684572.036773,1.000153401,0.000000000
1714684572.136976,1.000144054,0.000000000
1714684572.236735,1.000067586,0.000000000
1714684572.336662,1.000063003,0.000000000
1714684572.436643,1.000119294,0.000000000
1714684572.536751,1.000106237,0.000000000
1714684572.636715,1.000093310,0.000000000
1714684572.736600,1.000080250,0.000000000
1714684572.836635,1.000067327,0.000000000
1714684572.936771,1.000054800,0.000000000
1714684573.036667,1.000043689,0.000000000
1714684573.136697,1.000031411,0.000000000
1714684573.237144,1.000020271,0.000000000
1714684573.336892,0.999962936,0.000000000
1714684573.437065,0.999952830,0.000000000
1714684573.536679,1.000783631,0.000000000
1714684573.636762,1.000783631,0.000000000
1714684573.737330,1.000783631,0.000000000
1714684573.836742,1.000783631,0.000000000
1714684573.937098,1.000783631,0.000000000
1714684574.036880,1.000783631,0.000000000
1714684574.136858,1.000783631,0.000000000
1714684574.236711,1.000783631,0.000000000
1714684574.337043,1.000783631,0.000000000
1714684574.437109,1.000783631,0.000000000
1714684574.536632,1.000783631,0.000000000
1714684574.637041,1.000783631,0.000000000
1714684574.736777,1.000783631,0.000000000
1714684574.836764,1.000783631,0.000000000
1714684574.936660,1.000783631,0.000000000
1714684575.036684,1.000783631,0.000000000
1714684575.136915,1.000783631,0.000000000
1714684575.236986,1.000783631,0.000000000
1714684575.337028,1.000783631,0.000000000
1714684575.437110,1.000783631,0.000000000
1714684575.536816,1.000783631,0.000000000
1714684575.637031,1.000783631,0.000000000
1714684575.736743,1.000783631,0.000000000
1714684575.836623,1.000783631,0.000000000
1714684575.936726,1.000783631,0.000000000
1714684576.037514,1.000783631,0.000000000
